{"cameraMode":{"drawMode":0,"name":"Shaded","section":"Shading Mode"},"sceneLighting":true,"audioPlay":false,"sceneViewState":{"m_AlwaysRefresh":false,"showFog":true,"showSkybox":true,"showFlares":true,"showImageEffects":true,"showParticleSystems":true,"showVisualEffectGraphs":true,"m_FxEnabled":true},"in2DMode":false,"pivot":{"x":-20.188142776489259,"y":-1.3931347131729127,"z":12.677879333496094},"rotation":{"x":-0.09797826409339905,"y":0.39265725016593935,"z":-0.04203787073493004,"w":-0.9135891199111939},"size":9.550000190734864,"orthographic":false}