{"cameraMode":{"drawMode":0,"name":"Shaded","section":"Shading Mode"},"sceneLighting":true,"audioPlay":false,"sceneViewState":{"m_AlwaysRefresh":false,"showFog":true,"showSkybox":true,"showFlares":true,"showImageEffects":true,"showParticleSystems":true,"showVisualEffectGraphs":true,"m_FxEnabled":true},"in2DMode":false,"pivot":{"x":-2.4526031017303469,"y":9.9883394241333,"z":21.151811599731447},"rotation":{"x":0.0027148013468831779,"y":0.9966944456100464,"z":-0.03770379349589348,"w":0.07250136882066727},"size":1.629109501838684,"orthographic":false}