{"cameraMode":{"drawMode":0,"name":"Shaded","section":"Shading Mode"},"sceneLighting":true,"audioPlay":false,"sceneViewState":{"m_AlwaysRefresh":false,"showFog":true,"showSkybox":true,"showFlares":true,"showImageEffects":true,"showParticleSystems":true,"showVisualEffectGraphs":true,"m_FxEnabled":true},"in2DMode":false,"pivot":{"x":5.870432376861572,"y":11.553215980529786,"z":27.400440216064454},"rotation":{"x":-0.062147725373506549,"y":0.9378026723861694,"z":-0.23577535152435304,"w":-0.24716497957706452},"size":1.3259624242782593,"orthographic":false}