{"cameraMode":{"drawMode":0,"name":"Shaded","section":"Shading Mode"},"sceneLighting":true,"audioPlay":false,"sceneViewState":{"m_AlwaysRefresh":false,"showFog":true,"showSkybox":true,"showFlares":true,"showImageEffects":true,"showParticleSystems":true,"showVisualEffectGraphs":true,"m_FxEnabled":true},"in2DMode":false,"pivot":{"x":-2.209047555923462,"y":1.8474174737930298,"z":-16.43065071105957},"rotation":{"x":0.0005823174142278731,"y":0.9993966817855835,"z":-0.030301101505756379,"w":0.021615656092762948},"size":9.550000190734864,"orthographic":false}