{"cameraMode":{"drawMode":0,"name":"Shaded","section":"Shading Mode"},"sceneLighting":true,"audioPlay":false,"sceneViewState":{"m_AlwaysRefresh":false,"showFog":true,"showSkybox":true,"showFlares":true,"showImageEffects":true,"showParticleSystems":true,"showVisualEffectGraphs":true,"m_FxEnabled":true},"in2DMode":false,"pivot":{"x":-46.413265228271487,"y":8.186452865600586,"z":-13.914478302001954},"rotation":{"x":-0.11909741908311844,"y":-0.03036622144281864,"z":0.003590199165046215,"w":-0.9926285147666931},"size":13.791105270385743,"orthographic":false}