{"cameraMode":{"drawMode":0,"name":"Shaded","section":"Shading Mode"},"sceneLighting":true,"audioPlay":false,"sceneViewState":{"m_AlwaysRefresh":false,"showFog":true,"showSkybox":true,"showFlares":true,"showImageEffects":true,"showParticleSystems":true,"showVisualEffectGraphs":true,"m_FxEnabled":true},"in2DMode":false,"pivot":{"x":0.43036654591560366,"y":-4.645969390869141,"z":-7.608321189880371},"rotation":{"x":0.018161121755838395,"y":0.9607281684875488,"z":-0.2693229615688324,"w":0.06522655487060547},"size":10.488595008850098,"orthographic":false}