{"cameraMode":{"drawMode":0,"name":"Shaded","section":"Shading Mode"},"sceneLighting":true,"audioPlay":false,"sceneViewState":{"m_AlwaysRefresh":false,"showFog":true,"showSkybox":false,"showFlares":true,"showImageEffects":true,"showParticleSystems":true,"showVisualEffectGraphs":true,"m_FxEnabled":true},"in2DMode":false,"pivot":{"x":-1.0136520862579346,"y":-5.5837321281433109,"z":-12.023714065551758},"rotation":{"x":0.0002829702862072736,"y":0.9988564848899841,"z":-0.0482913963496685,"w":0.0066059003584086899},"size":15.761661529541016,"orthographic":false}