{"cameraMode":{"drawMode":0,"name":"Shaded","section":"Shading Mode"},"sceneLighting":true,"audioPlay":false,"sceneViewState":{"m_AlwaysRefresh":false,"showFog":true,"showSkybox":true,"showFlares":true,"showImageEffects":true,"showParticleSystems":true,"showVisualEffectGraphs":true,"m_FxEnabled":true},"in2DMode":false,"pivot":{"x":5.425154209136963,"y":0.08108643442392349,"z":-0.06808754801750183},"rotation":{"x":0.06389301270246506,"y":-0.9256051778793335,"z":0.17864884436130525,"w":0.3285973072052002},"size":0.43370521068573,"orthographic":false}