{"cameraMode":{"drawMode":0,"name":"Shaded","section":"Shading Mode"},"sceneLighting":true,"audioPlay":false,"sceneViewState":{"m_AlwaysRefresh":false,"showFog":true,"showSkybox":true,"showFlares":true,"showImageEffects":true,"showParticleSystems":true,"showVisualEffectGraphs":true,"m_FxEnabled":true},"in2DMode":false,"pivot":{"x":0.9484904408454895,"y":1.7702769041061402,"z":1.0743968486785889},"rotation":{"x":0.03198526054620743,"y":0.7402790188789368,"z":-0.03621587157249451,"w":0.6710279583930969},"size":1.6760039329528809,"orthographic":false}